{"x_axis": [10, 60, 110, 160, 210, 260, 310, 360, 410, 460, 510, 560, 610, 660, 710, 760, 810, 860, 910, 960], "y_axis": [0.0004898560000000041, 0.010044075000000015, 0.02977020200000001, 0.06009147200000005, 0.10176737899999998, 0.14531570200000002, 0.1961281490000003, 0.28517691100000014, 0.3633197320000005, 0.4328858129999975, 0.5536753189999988, 0.6723284640000026, 0.7955992519999995, 0.9571393130000058, 1.0157342870000041, 1.3329903830000047, 1.3984078610000141, 1.6589222960000052, 1.7510448600000097, 2.096378884000001], "std": [0.00029168554277507545, 0.005034082840764018, 0.011448476898094254, 0.025437810579631605, 0.03888424063768065, 0.05618169633915477, 0.0680016941339823, 0.11795133259485883, 0.1463252739578409, 0.15981540742375322, 0.21155462947354692, 0.25457760237990873, 0.30144115845405106, 0.39459793699978324, 0.37639681075400444, 0.5292514173091563, 0.6639084093449191, 0.6435730462955603, 0.7140649607319195, 0.8583841273326438]}